Adyton, ADYTON
AMIRI, AMIRI
AnaLuisa, ANALUISA
Anomalo, ANOMALO/
ArtBlocks, ARTBLOCKS
AsyncArt, ASYNCART
avantifinancialgroup, AVANTIFINANCIALGROUP
BDG, BDG
Betstamp, BETSTAMP
Bitski, BITSKI
Blep, BLEP
BlockSwap, BLOCKSWAP
bloomon, BLOOMON
BluebirdClimate, BLUEBIRDCLIMATE
BoomandBucket, BOOMANDBUCKET
Bosta, BOSTA
BusaraCenter, BUSARACENTER
BDG, BDG
Caper, CAPER
CareSpace, CARESPACE/
CharlieCristForGovernor, CHARLIECRISTFORGOVERNOR
Chord, CHORD
ClinicalHealthNetworkForTransformation, CLINICALHEALTHNETWORKFORTRANSFORMATION
COLORSWorldwide, COLORSWORLDWIDE
CommonCode, COMMONCODE
compound-2, COMPOUND-2
cornershopapp, CORNERSHOPAPP
DeepChannel, DEEPCHANNEL
descarteslabs.com, DESCARTESLABS.COM
Duffl, DUFFL
Elementus, ELEMENTUS
EnergyVault, ENERGYVAULT
ETHGlobal, ETHGLOBAL
getfable, GETFABLE
FeedMedia, FEEDMEDIA
FinleyTechnologies, FINLEYTECHNOLOGIES
Flat.mx, FLAT.MX
%20FoschiniRetailGroup, %20FOSCHINIRETAILGROUP
FTXUS, FTXUS
GreenerTechnologies, GREENERTECHNOLOGIES
Hakkoda, HAKKODA
HeirloomTechnologies, HEIRLOOMTECHNOLOGIES
Helsing, HELSING
Higo, HIGO
Hobbii, HOBBII
HolyGrail, HOLYGRAIL
Homesome, HOMESOME
HoneyHomes, HONEYHOMES
IsometricTechnologies, ISOMETRICTECHNOLOGIES
