http://frasco.com, FRASCO
http://blueharvestfisheries.com/, BLUEHARVESTFISHERIES
https://apa-agency.com, APA-AGENCY
https://www.bayerhfcu.com, BAYERHFCU
http://cfmedicalcenter.com, CFMEDICALCENTER
http://guardianfueltech.com, GUARDIANFUELTECH
https://greenixpc.com, GREENIXPC
https://dma.org/, DMA
http://brontapes.com, BRONTAPES
https://indiana.bridges.us/, INDIANA
http://affiliated.com, AFFILIATED
https://www.assurecare.com, ASSURECARE
https://www.ceres.coop/, CERES
http://www.7forallmankind.com, 7FORALLMANKIND
https://www.condux.com/, CONDUX
http://hometownpharmacy.com, HOMETOWNPHARMACY
http://boltonpartners.com, BOLTONPARTNERS
http://www.codiakbio.com/, CODIAKBIO
http://gophersport.com, GOPHERSPORT
https://esub.com/, ESUB
https://bluewaveproducts.com/, BLUEWAVEPRODUCTS
http://ipcrx.com, IPCRX
http://couleebank.net, COULEEBANK
https://www.merchantscapital.com/, MERCHANTSCAPITAL
https://www.avkare.com/, AVKARE
http://dalbycpa.com, DALBYCPA
http://www.cmsimaging.com/, CMSIMAGING
hearthavens.org, HEARTHAVENS
http://befoundonline.com/, BEFOUNDONLINE
http://poseida.com/, POSEIDA
https://www.generationtux.com/, GENERATIONTUX
http://ahresty.com, AHRESTY
http://airlie.com, AIRLIE
http://www.advertisingvehicles.com, ADVERTISINGVEHICLES
https://baysflorida.org/, BAYSFLORIDA
http://charlottestatebankandtrust.com, CHARLOTTESTATEBANKANDTRUST
http://cooperaerobics.com, COOPERAEROBICS
http://www.godasco.com/, GODASCO
http://connectivitysource.net, CONNECTIVITYSOURCE
http://bordnerinstall.com, BORDNERINSTALL
http://carolinadigestive.com, CAROLINADIGESTIVE
https://www.benestarbrands.com/, BENESTARBRANDS
http://gaytanfoods.com/, GAYTANFOODS
http://www.breatheamerica.com, BREATHEAMERICA
https://gmcu.org, GMCU
http://www.avidiabank.com, AVIDIABANK
https://www.chautauquaopportunities.com/, CHAUTAUQUAOPPORTUNITIES
http://www.centriworks.com, CENTRIWORKS
http://crystalcreamery.com, CRYSTALCREAMERY
https://habitatomaha.org/, HABITATOMAHA
http://www.homesbywestbay.com, HOMESBYWESTBAY
http://advuro.com, ADVURO
https://blueplatechicago.com/, BLUEPLATECHICAGO
https://www.baxterauto.com/, BAXTERAUTO
https://csehalo.com/, CSEHALO
https://chamberlainmarketing.com/, CHAMBERLAINMARKETING
http://www.halo.com, HALO
https://www.a2la.org, A2LA
https://lakepharma.com/, LAKEPHARMA
https://www.gpmtreit.com/, GPMTREIT
https://urgentcarekids.com/, URGENTCAREKIDS
https://3sixtyintegrated.com, 3SIXTYINTEGRATED
http://www.outboundengine.com, OUTBOUNDENGINE
https://www.glenwoodstate.bank/, GLENWOODSTATE
https://www.ccf.us/, CCF
http://chandlerinc.com/, CHANDLERINC
http://www.gentexcorp.com/, GENTEXCORP
https://www.smartrent.com/, SMARTRENT
https://www.americanplasticsllc.com/, AMERICANPLASTICSLLC
http://everspringpartners.com, EVERSPRINGPARTNERS
https://www.csac-vt.org, CSAC-VT
http://www.generalpet.com, GENERALPET
https://www.sleepdata.com/team, SLEEPDATATEAM
http://aircommcorp.com, AIRCOMMCORP
https://www.bearpaddle.com, BEARPADDLE
http://www.franconnect.com, FRANCONNECT
http://dielectriccorp.com, DIELECTRICCORP
http://vegasexperience.com, VEGASEXPERIENCE
http://healthcareappraisers.com, HEALTHCAREAPPRAISERS
https://www.annenberg.org, ANNENBERG
https://bridgeconnector.co/, BRIDGECONNECTOR
https://arsenalcu.com/, ARSENALCU
http://georgehills.com, GEORGEHILLS
https://gulfbank.com/, GULFBANK
http://www.wemanagepower.com/, WEMANAGEPOWER
http://www.dominionvoting.com/company, DOMINIONVOTINGCOMPANY
https://avadiancu.com, AVADIANCU
http://avadiancu.com, AVADIANCU
https://www.playonsports.com/, PLAYONSPORTS
http://www.callbox.com/, CALLBOX
http://harbingersign.com, HARBINGERSIGN
http://briljent.com, BRILJENT
https://www.centralfcu.com/, CENTRALFCU
http://clarionsecurity.com/#, CLARIONSECURITY#
http://cbtechinc.com, CBTECHINC
http://www.innovance.com/, INNOVANCE
http://www.holtinternational.org, HOLTINTERNATIONAL
https://www.foodbankcny.org/, FOODBANKCNY
https://guthriecountyhospital.org/, GUTHRIECOUNTYHOSPITAL
https://coastalrootsfarm.org/, COASTALROOTSFARM
https://metametricsinc.com/, METAMETRICSINC
http://crowntechnicalsystems.com, CROWNTECHNICALSYSTEMS
https://www.verse.io, VERSE
https://www.aludyne.com, ALUDYNE
http://www.chassix.com, CHASSIX
https://atlasbutler.com/, ATLASBUTLER
http://ecos.com, ECOS
http://www.bernerfoods.com/, BERNERFOODS
http://castproducts.com, CASTPRODUCTS
https://www.firstnational1870.com/, FIRSTNATIONAL1870
http://guardianmortgageonline.com, GUARDIANMORTGAGEONLINE
https://www.hopebridge.com, HOPEBRIDGE
http://c-p.com, C-P
http://bestfitness.net, BESTFITNESS
http://www.brookandwhittle.com, BROOKANDWHITTLE
http://dsfederal.com, DSFEDERAL
https://www.bakkt.com, BAKKT
http://www.bridge2solutions.com, BRIDGE2SOLUTIONS
https://www.bellwetherhousing.org/, BELLWETHERHOUSING
http://culinaryservicesgroup.com, CULINARYSERVICESGROUP
http://carrollorganization.com, CARROLLORGANIZATION
https://www.cfscoop.com/, CFSCOOP
https://www.accds.com, ACCDS
http://www.centralconveyor.com/, CENTRALCONVEYOR
https://www.chicagolandsmilegroup.com/, CHICAGOLANDSMILEGROUP
https://www.pittsburghfoodbank.org/, PITTSBURGHFOODBANK
http://tsm.gg, TSM
http://www.cpsproducts.com, CPSPRODUCTS
http://barryisett.com, BARRYISETT
https://www.holbrookasphalt.com, HOLBROOKASPHALT
http://infinitymkt.com, INFINITYMKT
https://www.quickbox.com/, QUICKBOX
http://goldmanproperties.com, GOLDMANPROPERTIES
http://www.4frontes.com/, 4FRONTES
http://continentalcommercialproducts.com, CONTINENTALCOMMERCIALPRODUCTS
https://www.bassmedicalgroup.com/, BASSMEDICALGROUP
http://c-cgroup.com, C-CGROUP
http://affinitydev.com, AFFINITYDEV
https://www.ahcu.coop/, AHCU
http://www.citizensstatebank.us/, CITIZENSSTATEBANK
http://betts1868.com, BETTS1868
https://www.canarchy.beer/, CANARCHY
http://cosaxentaur.com, COSAXENTAUR
http://www.ljbinc.com, LJBINC
http://beltwaycompanies.com, BELTWAYCOMPANIES
http://www.mel-o-cream.com/, MEL-O-CREAM
http://abbb.com, ABBB
http://www.gxmconsulting.com, GXMCONSULTING
https://www.teamsupport.com, TEAMSUPPORT
https://www.brewersassociation.org/, BREWERSASSOCIATION
http://www.sphero.com/, SPHERO
http://blockimaging.com, BLOCKIMAGING
http://devinemillimet.com, DEVINEMILLIMET
http://radadvocate.com, RADADVOCATE
http://fdh-inc.com, FDH-INC
http://www.fdhvelocitel.com/, FDHVELOCITEL
https://ssbinfo.com, SSBINFO
https://www.surgicalnotes.com/, SURGICALNOTES
https://www.hamiltoncountycommunityfoundation.org/, HAMILTONCOUNTYCOMMUNITYFOUNDATION
https://3glp.com/, 3GLP
https://www.fultoncountyhealthcenter.org, FULTONCOUNTYHEALTHCENTER
https://cnscares.com/, CNSCARES
http://crpindustries.com, CRPINDUSTRIES
https://bluewavesolar.com/, BLUEWAVESOLAR
https://cedarsinaipark.org, CEDARSINAIPARK
http://3-dtechnology.com, 3-DTECHNOLOGY
https://www.homeownersfg.com, HOMEOWNERSFG
http://www.eahealthsolutions.com/, EAHEALTHSOLUTIONS
http://www.equipto.com/, EQUIPTO
http://harmar.com, HARMAR
http://digitalinfuzion.com, DIGITALINFUZION
https://myicarehealth.com, MYICAREHEALTH
https://adhq.com, ADHQ
http://bestroofing.net, BESTROOFING
http://www.grandsouth.com/, GRANDSOUTH
http://coopind.aero, COOPIND
http://butler.legal, BUTLER
http://freedombankva.com, FREEDOMBANKVA
http://www.americanreading.com, AMERICANREADING
https://theproscloset.com, THEPROSCLOSET
https://www.spectrio.com, SPECTRIO
http://www.beautyindustrygroup.com/, BEAUTYINDUSTRYGROUP
http://dowelectronics.com, DOWELECTRONICS
http://collegiseducation.com/, COLLEGISEDUCATION
http://www.filmlinc.com/, FILMLINC
http://plasticboards.com, PLASTICBOARDS
http://www.corelationinc.com, CORELATIONINC
https://www.advancedped.com/, ADVANCEDPED
http://www.ampkcorp.com/, AMPKCORP
https://www.floridaeyespecialists.com, FLORIDAEYESPECIALISTS
http://fwwarehousing.com, FWWAREHOUSING
https://blackhorsesolutions.com/img/bh-logo-full.svg, BLACKHORSESOLUTIONS
https://www.gmcocorp.com/, GMCOCORP
https://www.harborsedgenorfolk.com, HARBORSEDGENORFOLK
http://www.helm.com, HELM
http://www.chefworks.com, CHEFWORKS
http://butterballfarms.com, BUTTERBALLFARMS
https://americanhealthimaging.com/, AMERICANHEALTHIMAGING
https://dbindt.com/, DBINDT
https://www.miscoproducts.com/wp/, MISCOPRODUCTSWP
https://www.cteh.com/, CTEH
https://www.i-car.com, I-CAR
https://www.bradford-bigelow.com/, BRADFORD-BIGELOW
https://www.christopher-community.org, CHRISTOPHER-COMMUNITY
http://www.darwill.com/, DARWILL
http://www.coverhound.com, COVERHOUND
https://www.bacb.com/, BACB
https://mybillingtree.com/, MYBILLINGTREE
http://www.ohioentandallergy.com/, OHIOENTANDALLERGY
https://www.tgen.org/, TGEN
http://atwoods.com, ATWOODS
http://bcceng.com, BCCENG
http://www.duarte.com, DUARTE
https://www.gallowayridge.com, GALLOWAYRIDGE
http://engrain.com/, ENGRAIN
http://www.swimlane.com, SWIMLANE
http://www.ballhort.com, BALLHORT
https://www2.relatient.net, WWW2
http://clarkpartington.com, CLARKPARTINGTON
http://array-architects.com, ARRAY-ARCHITECTS
http://ffl.net, FFL
https://bbgres.com, BBGRES
https://www.amnb.com/, AMNB
https://www.growyourgiving.org/, GROWYOURGIVING
https://www.gelrecycling.com, GELRECYCLING
http://fluoridearc.com, FLUORIDEARC
http://btgrp.com, BTGRP
http://www.performancetrust.com, PERFORMANCETRUST
https://www.abwappliances.com/, ABWAPPLIANCES
http://www.crosleyradio.com/, CROSLEYRADIO
http://gglo.com, GGLO
https://www.vertexone.net, VERTEXONE
https://zildjian.com, ZILDJIAN
http://www.douglasautotech.com, DOUGLASAUTOTECH
http://www.anaptysbio.com, ANAPTYSBIO
https://www.carsaver.com, CARSAVER
https://www.aerospecialties.com, AEROSPECIALTIES
http://taskeasy.com/, TASKEASY
http://fivestarbank.com, FIVESTARBANK
https://www.healthteamadvantage.com, HEALTHTEAMADVANTAGE
http://www.harlemglobetrotters.com/, HARLEMGLOBETROTTERS
http://thefirst.com, THEFIRST
https://www.bktechnologies.com/, BKTECHNOLOGIES
https://patriotgis.com/, PATRIOTGIS
http://craftontull.com, CRAFTONTULL
http://digitalallyinc.com, DIGITALALLYINC
https://www.capsonoma.org/, CAPSONOMA
https://www.fssi-ca.com, FSSI-CA
http://honnen.com, HONNEN
http://www.actsoft.com/, ACTSOFT
http://bavauto.com, BAVAUTO
http://informeddna.com, INFORMEDDNA
http://www.calltower.com/, CALLTOWER
https://www.mybrb.com/, MYBRB
http://harveyllc.com, HARVEYLLC
http://blackdiamondequipment.com, BLACKDIAMONDEQUIPMENT
http://gablecompany.com, GABLECOMPANY
https://www.gpofcu.com/, GPOFCU
https://www.gtmidwest.com/, GTMIDWEST
http://www.gfii.com/, GFII
https://austineastciders.com, AUSTINEASTCIDERS
http://www.billyheromans.com/, BILLYHEROMANS
http://www.SceptreHospitality.com, SCEPTREHOSPITALITY
https://hcenter.org/, HCENTER
http://baytekgames.com, BAYTEKGAMES
http://harringtonhoists.com, HARRINGTONHOISTS
https://www.aceyus.com/, ACEYUS
http://biermanaba.com, BIERMANABA
http://bankiowa.bank, BANKIOWA
https://dotcomtherapy.com/, DOTCOMTHERAPY
http://ggrinc.com, GGRINC
https://www.wsfcu.org/, WSFCU
http://www.clunegc.com, CLUNEGC
http://airhydropower.com, AIRHYDROPOWER
https://www.deepwatch.com, DEEPWATCH
http://americashloans.net, AMERICASHLOANS
http://healthylivingmarket.com, HEALTHYLIVINGMARKET
https://www.avadynehealth.com, AVADYNEHEALTH
http://emergetms.com, EMERGETMS
http://behavioralhealthlink.com, BEHAVIORALHEALTHLINK
https://eathawkers.com/, EATHAWKERS
http://www.cdicurbs.com, CDICURBS
http://abetech.com, ABETECH
https://www.cboktulsa.com, CBOKTULSA
https://hitrustalliance.net/, HITRUSTALLIANCE
http://thermal.com/, THERMAL
http://knrlegal.com, KNRLEGAL
http://workhorse.com/, WORKHORSE
https://www.abrams.com, ABRAMS
http://www.dotcomdist.com, DOTCOMDIST
http://dominiondiagnostics.com, DOMINIONDIAGNOSTICS
https://www.tryonmed.com/, TRYONMED
https://www.springbuk.com/, SPRINGBUK
https://novan.com/, NOVAN
https://www.centricbank.com/, CENTRICBANK
https://www.duchesne.org/, DUCHESNE
https://www.hzcu.org/, HZCU
https://www.calautismcenter.org, CALAUTISMCENTER
http://www.meowwolf.com, MEOWWOLF
