https://1919ic.com/, 1919IC
http://2ndswing.com, 2NDSWING
http://5sr-hsv.com, 5SR-HSV
https://www.dmos.com, DMOS
https://www.abcfws.com/, ABCFWS
https://www.accesscorp.com/, ACCESSCORP
https://www.accuform.com/, ACCUFORM
http://www.accumen.com/, ACCUMEN
http://www.thinkbrg.com, THINKBRG
http://www.aevenia.com/, AEVENIA
http://www.afcweb.com, AFCWEB
http://agribeef.com, AGRIBEEF
http://airmethods.com, AIRMETHODS
http://airwis.com/, AIRWIS
https://air2.com/, AIR2
http://www.civicplus.com, CIVICPLUS
http://www.altairglobal.com/, ALTAIRGLOBAL
https://americanautoshield.com, AMERICANAUTOSHIELD
https://www.americanfreight.com, AMERICANFREIGHT
https://www.americanpublicmedia.org/, AMERICANPUBLICMEDIA
http://www.AQHA.com, AQHA
https://www.asccare.com/, ASCCARE
http://apogeeengineering.net, APOGEEENGINEERING
http://www.appleleisuregroup.com, APPLELEISUREGROUP
http://www.aruplab.com, ARUPLAB
http://arvigbusiness.com, ARVIGBUSINESS
https://www.ascendiumeducation.org/, ASCENDIUMEDUCATION
http://www.asianart.org/, ASIANART
http://associatedterminals.com, ASSOCIATEDTERMINALS
http://aura-astronomy.org, AURA-ASTRONOMY
http://lendtheway.com, LENDTHEWAY
http://www.astropak.com, ASTROPAK
http://atkore.com, ATKORE
http://www.auroraparts.com, AURORAPARTS
http://austinbank.com, AUSTINBANK
https://www.austinregionalclinic.com/, AUSTINREGIONALCLINIC
https://avengerlogistics.com/, AVENGERLOGISTICS
https://www.avid.org/, AVID
http://www.hireright.com, HIRERIGHT
https://www.awhealthcare.com/, AWHEALTHCARE
http://brileyfbr.com/, BRILEYFBR
https://brileyfin.com/, BRILEYFIN
http://badgergraphics.com, BADGERGRAPHICS
http://www.bakerbotts.com, BAKERBOTTS
http://www.baltimoreaircoil.com/, BALTIMOREAIRCOIL
https://www.bankwithbos.com, BANKWITHBOS
https://www.bartleby.com, BARTLEBY
http://www.bellisiofoods.com/, BELLISIOFOODS
http://kennedywilson.com, KENNEDYWILSON
https://www.bentlyenterprises.com/, BENTLYENTERPRISES
http://www.bergstromauto.com, BERGSTROMAUTO
http://bernatellos.com, BERNATELLOS
https://bry.com/, BRY
http://www.lifelineyouth.org/, LIFELINEYOUTH
http://www.billboard.com/, BILLBOARD
https://www.maana.io/, MAANA
http://www.blharbert.com, BLHARBERT
http://bluehawaiian.com, BLUEHAWAIIAN
https://www.bncbank.com/, BNCBANK
http://bncnationalbank.com, BNCNATIONALBANK
http://bo-mac.com, BO-MAC
http://www.borregosolar.com, BORREGOSOLAR
http://www.bottomlineequipment.com, BOTTOMLINEEQUIPMENT
http://www.bray.com, BRAY
https://breckenridgegrandvacations.com/, BRECKENRIDGEGRANDVACATIONS
http://brica.com, BRICA
http://broadwayautomotive.com, BROADWAYAUTOMOTIVE
http://www.brownandcaldwell.com/, BROWNANDCALDWELL
http://wildwell.com, WILDWELL
http://www.bunkhousegroup.com, BUNKHOUSEGROUP
http://www.cableone.net, CABLEONE
http://cactuswellhead.com/locations/houston/, CACTUSWELLHEAD
http://www.calamos.com/, CALAMOS
http://www.proterra.com, PROTERRA
http://www.psionline.com, PSIONLINE
http://www.callawaygolf.com, CALLAWAYGOLF
http://www.reatapharma.com, REATAPHARMA
https://www.capitalcu.com/, CAPITALCU
http://www.capitalsenior.com/, CAPITALSENIOR
http://capmark.com, CAPMARK
http://www.capstonemanagement.com, CAPSTONEMANAGEMENT
http://www.captioncall.com, CAPTIONCALL
http://caravanhealth.com, CARAVANHEALTH
http://www.cardinalcorp.com, CARDINALCORP
http://cardinalgroup.com, CARDINALGROUP
https://carlex.com, CARLEX
https://carshield.com, CARSHIELD
https://www.casacentral.org, CASACENTRAL
http://www.cashamerica.com, CASHAMERICA
http://cassbank.com, CASSBANK
http://www.cassinfo.com/, CASSINFO
http://www.cavco.com/, CAVCO
https://mncee.org, MNCEE
http://cglcompanies.com, CGLCOMPANIES
http://www.championsg.com/, CHAMPIONSG
http://chandlersigns.com, CHANDLERSIGNS
http://checkers-safety.com, CHECKERS-SAFETY
http://www.chisolutionsinc.com/, CHISOLUTIONSINC
https://www.childguidance.org/, CHILDGUIDANCE
https://tae.com/, TAE
http://www.tandemdiabetes.com, TANDEMDIABETES
http://clarkpacific.com, CLARKPACIFIC
https://www.clarkehosp.org/default.aspx, CLARKEHOSPDEFAULT
https://www.ccuflorida.org/, CCUFLORIDA
http://connorco.com, CONNORCO
http://myconsumers.org, MYCONSUMERS
http://contdisc.com, CONTDISC
http://www.cproperties.com/, CPROPERTIES
https://corodata.com/, CORODATA
http://corovan.com/, COROVAN
http://www.corvel.com/, CORVEL
http://cosasco.com, COSASCO
http://www.credentialssolutions.net, CREDENTIALSSOLUTIONS
http://www.crossroadshospital.com/crossroads-community-hospital/home.aspx, CROSSROADSHOSPITAL
http://crownus.com, CROWNUS
http://www.cswindustrials.com, CSWINDUSTRIALS
http://www.culligan.com/, CULLIGAN
http://www.aldevron.com/, ALDEVRON
https://www.dwfinepack.com, DWFINEPACK
http://dakotasecurity.com/, DAKOTASECURITY
http://daywireless.com, DAYWIRELESS
http://daybreakfoods.com, DAYBREAKFOODS
http://amresorts.com, AMRESORTS
https://didihirsch.org/, DIDIHIRSCH
http://www.archway.com, ARCHWAY
http://www.dlss.com/, DLSS
http://doorcontrolservices.com, DOORCONTROLSERVICES
http://dowl.com, DOWL
https://downingusa.com/, DOWNINGUSA
http://eagle-mfg.com/, EAGLE-MFG
https://www.blueracermidstream.com/, BLUERACERMIDSTREAM
https://www.eqhs.org/, EQHS
http://equuscs.com, EQUUSCS
https://www.bridgewaterbankmn.com/, BRIDGEWATERBANKMN
http://www.fbr.com/, FBR
http://federalsignal.com, FEDERALSIGNAL
http://feeneywireless.com, FEENEYWIRELESS
https://fidelitylife.com/, FIDELITYLIFE
http://www.fingerhut.com, FINGERHUT
https://www.busey.com/home/home, BUSEYHOMEHOME
https://www.bankatfirstnational.com, BANKATFIRSTNATIONAL
https://www.firstpremier.com/, FIRSTPREMIER
http://www.flintco.com, FLINTCO
http://www.force3.com, FORCE3
http://foxworldtravel.com, FOXWORLDTRAVEL
http://www.FPIMGT.com, FPIMGT
http://www.chickensaladchick.com/, CHICKENSALADCHICK
https://www.ffeinc.com/, FFEINC
http://www.fsenet.com/, FSENET
http://fusion.com, FUSION
http://gainsco.com/, GAINSCO
http://gavilon.com, GAVILON
http://www.cleanenergyfuels.com, CLEANENERGYFUELS
http://perf.com, PERF
https://www.gillettechildrens.org/, GILLETTECHILDRENS
http://glassratner.com, GLASSRATNER
http://glennrieder.com, GLENNRIEDER
http://globalaviationservicesllc.com, GLOBALAVIATIONSERVICESLLC
http://www.esdglobal.com, ESDGLOBAL
https://www.goldeagle.com/gold-eagle, GOLDEAGLEGOLD-EAGLE
http://www.gowireless.com, GOWIRELESS
http://www.grainprocessing.com/, GRAINPROCESSING
https://www.grande.com/, GRANDE
https://gravityoilfieldservices.com/, GRAVITYOILFIELDSERVICES
http://greatamerican.com, GREATAMERICAN
http://www.greatwesternbank.com, GREATWESTERNBANK
https://www.grimaldispizzeria.com/, GRIMALDISPIZZERIA
https://gritman.org, GRITMAN
http://www.hargroveinc.com/, HARGROVEINC
https://www.harriscompany.com/, HARRISCOMPANY
http://harwoodinternational.com, HARWOODINTERNATIONAL
http://www.hawkridgesys.com/, HAWKRIDGESYS
http://healthdimensionsgroup.com, HEALTHDIMENSIONSGROUP
https://www.hscpoly.com/, HSCPOLY
http://www.henselphelps.com/, HENSELPHELPS
http://heplerbroom.com, HEPLERBROOM
https://www.heropracticeservices.com/, HEROPRACTICESERVICES
http://www.hhs1.com, HHS1
http://www.higginbotham.net/, HIGGINBOTHAM
http://hoehnmotors.com, HOEHNMOTORS
http://www.holtcat.com/, HOLTCAT
http://hopdoddy.com, HOPDODDY
http://hornellp.com/, HORNELLP
https://www.icarehealthplan.org, ICAREHEALTHPLAN
https://www.infarmbureau.org/, INFARMBUREAU
http://www.issvc.com/, ISSVC
https://www.infusystem.com, INFUSYSTEM
http://inlandbank.com, INLANDBANK
http://forterrabp.com/, FORTERRABP
http://gruntstyle.com, GRUNTSTYLE
http://www.hulinhealth.com/, HULINHEALTH
http://www.iongeo.com/, IONGEO
http://www.justritemfg.com/, JUSTRITEMFG
http://www.legendary.com, LEGENDARY
https://lignetics.com/, LIGNETICS
http://www.nuehealth.com, NUEHEALTH
http://www.nutraceutical.com, NUTRACEUTICAL
http://www.pirch.com/, PIRCH
http://plhgroupinc.com, PLHGROUPINC
http://preludefertility.com/, PRELUDEFERTILITY
http://www.r1rcm.com/, R1RCM
http://www.sellpoints.com, SELLPOINTS
https://www.stateserv.com/, STATESERV
https://stratatech.com, STRATATECH
http://tonicforhealth.com, TONICFORHEALTH
http://viverehealth.com, VIVEREHEALTH
http://www.webpt.com, WEBPT